高等数学辅导讲义严选题 习题正确率记录,,,,,,,,,,,,,
,,,,,,,,,,,,,
,,选择题,,,填空题,,,问答题,,,合计,,
章节,日期,总题数,正确数,正确率,总题数,正确数,正确率,总题数,正确数,正确率,总题数,正确数,正确率
第一章 函数 极限 连续,,,,,,,,,,,0,0,#DIV/0!
第二章 一元函数微分学,,,,,,,,,,,0,0,#DIV/0!
第三章 一元函数积分学,,,,,,,,,,,0,0,#DIV/0!
第四章 常微分方程,,,,,,,,,,,0,0,#DIV/0!
第五章 多元函数微分学,,,,,,,,,,,0,0,#DIV/0!
第六章 二重积分,,,,,,,,,,,0,0,#DIV/0!
第七章 无穷级数 (仅数学一、三),,,,,,,,,,,0,0,#DIV/0!
第八章 向量代数与空间解析几何及多元微分学在几何上的应用 (仅数学一),,,,,,,,,,,0,0,#DIV/0!
第九章 多元函数积分学及其应用 (仅数学一),,,,,,,,,,,0,0,#DIV/0!
合计,,0,0,#DIV/0!,0,0,#DIV/0!,0,0,#DIV/0!,0,0,#DIV/0!
,,,,,,,,,,,,,
总  计,,0,0,#DIV/0!,0,0,#DIV/0!,0,0,#DIV/0!,0,0,#DIV/0!
