王道计算机网络 课后习题正确率记录,,,,,,,,
,,,,,,,,
【 一 刷 】,,,,,,【 二 刷 】,,
小节,日期,总题目,正确数,正确率,,总题,正确,正确率
第1章 计算机网络体系结构,,,,,,,,
1.1 计算机网络概述,,,,,,,,
1.2 计算机网络体系结构与参考模型,,,,,,,,
第2章 物理层,,,,,,,,
2.1 通信基础,,,,,,,,
2.2 传输介质,,,,,,,,
2.3 物理层设备,,,,,,,,
第3章 数据链路层,,,,,,,,
3.1 数据链路层的功能,,,,,,,,
3.2 组帧,,,,,,,,
3.3 差错控制,,,,,,,,
3.4 流量控制与可靠传输机制,,,,,,,,
3.5 介质访问控制,,,,,,,,
3.6 局域网,,,,,,,,
3.7 广域网,,,,,,,,
3.8 数据链路层设备,,,,,,,,
第4章 网络层,,,,,,,,
4.1 网络层的功能,,,,,,,,
4.2 IPv4,,,,,,,,
4.3 IPv6,,,,,,,,
4.4 路由算法与路由协议,,,,,,,,
4.5 IP多播,,,,,,,,
4.6 移动IP,,,,,,,,
4.7 网络层设备,,,,,,,,
第5章 传输层,,,,,,,,
5.1 传输层提供的服务,,,,,,,,
5.2 UDP,,,,,,,,
5.3 TCP,,,,,,,,
第6章 应用层,,,,,,,,
6.1 网络应用模型,,,,,,,,
6.2 域名系统,,,,,,,,
6.3 文件传输协议,,,,,,,,
6.4 电子邮件,,,,,,,,
6.5 万维网,,,,,,,,
合计,,0,0,,,0,0,
,,,,,,,,
总  计,,0,0,,,,,
